url,status,last_modified,hash,exe
https://www.nirsoft.net/utils/acm.zip,200,1093054196.0,f06016105b015a5a3b3e38204cc67cd4e32814cdaaad147cce9ade34313b7bf4,acm.exe
https://www.nirsoft.net/utils/acm-x64.zip,404,,,
https://www.nirsoft.net/utils/addrview.zip,200,1089212978.0,806883045b6b510625d05ae965222b80c451a0b18ce30343ec9607cca10d4017,AddrView.exe
https://www.nirsoft.net/utils/addrview-x64.zip,404,,,
https://www.nirsoft.net/utils/advancedrun.zip,200,1649671229.0,b2c65aa6e71b0f154c5f3a8b884582779d716ff2c03d6cdca9e157f0fe397c9c,AdvancedRun.exe
https://www.nirsoft.net/utils/advancedrun-x64.zip,200,1649671230.0,a05825b22d78807ca5a6fdfcedaf326297d3102756fdaa58e9c0a52aab7091d2,AdvancedRun.exe
https://www.nirsoft.net/utils/allthreadsview.zip,200,1522131850.0,f3c9127174123c44d6cce9e18aa879c6c6333047b971b3e3dce3867c3a0467a0,AllThreadsView.exe
https://www.nirsoft.net/utils/allthreadsview-x64.zip,200,1522131850.0,10ec8f2781aef3f94c73cb1d4f0c6a6d39d6dc394c216a85e0b9e722ca60d6cf,AllThreadsView.exe
https://www.nirsoft.net/utils/alternatestreamview.zip,200,1674737637.0,6a4600134b0b3f641b5b2694315c32db71f11b2d22aaeac027ae55101033d0b1,AlternateStreamView.exe
https://www.nirsoft.net/utils/alternatestreamview-x64.zip,200,1674737638.0,ad1f0edb2202ec1a736d9266b18b241eac5542c350578a3a8cdb4dd8b14ff37d,AlternateStreamView.exe
https://www.nirsoft.net/utils/altstreamdump.zip,200,1329727724.0,d65d237b0c8c8b2dba51d8784090fe3ded92a5c3e841db3354c3dce3fbeaf905,AltStreamDump.exe
https://www.nirsoft.net/utils/altstreamdump-x64.zip,404,,,
https://www.nirsoft.net/utils/appaudioconfig.zip,200,1634475642.0,fce712fc3c4b5ae614330030b0c0501fb61d85e284477e2c9bae7cd48264b2f4,AppAudioConfig.exe
https://www.nirsoft.net/utils/appaudioconfig-x64.zip,200,1634475643.0,8d0408cdcfc324b8c3bb5443d7690f083b16e2f478b75bac2e73a508dbad7c14,AppAudioConfig.exe
https://www.nirsoft.net/utils/appcompatibilityview.zip,200,1645103140.0,e65a94c898de6dd0aa50886ed40cc18558a9f7d8805d78c6b2256ac9ddc7f054,AppCompatibilityView.exe
https://www.nirsoft.net/utils/appcompatibilityview-x64.zip,200,1645103141.0,88a1f7112612333ae24705fcf0aad05247bc76ef02941b6ab78be3435edd9caa,AppCompatibilityView.exe
https://www.nirsoft.net/utils/appcrashview.zip,200,1541927886.0,76eca5db923e938504d525b8b48a64ab4ad375ced896665dbc543960b07c6054,AppCrashView.exe
https://www.nirsoft.net/utils/appcrashview-x64.zip,404,,,
https://www.nirsoft.net/utils/appnetworkcounter.zip,200,1688798379.0,260f4f3f39b590a55424b05698a2d9a1ac93b631a51b022b89b78f4fded13006,AppNetworkCounter.exe
https://www.nirsoft.net/utils/appnetworkcounter-x64.zip,200,1688798379.0,62ab5618d2c925c800112f826b14e4b7eae595b8f53f93d1c7789635036939a3,AppNetworkCounter.exe
https://www.nirsoft.net/utils/appreadwritecounter.zip,200,1688900872.0,c545671d5258d762730d8d39f9bce1946caccc792434f8df75c9fbcd219f691e,AppReadWriteCounter.exe
https://www.nirsoft.net/utils/appreadwritecounter-x64.zip,200,1688900873.0,39551ad44de0ce6ba4d2c837ed55b7260d7769478ef69482d79228337cec38ff,AppReadWriteCounter.exe
https://www.nirsoft.net/utils/appresourcesusageview.zip,200,1677066358.0,59b01dff53c18edf6d465f9c1b86250b2ff701780918a071071d250fd63567d9,AppResourcesUsageView.exe
https://www.nirsoft.net/utils/appresourcesusageview-x64.zip,404,,,
https://www.nirsoft.net/utils/astlog.zip,404,,,
https://www.nirsoft.net/utils/awatch.zip,200,1242853569.0,cc059ac00160b4bb3a2f6ad1c34017b8d938dfdd85152c137ddffecc7f203d0d,awatch.exe
https://www.nirsoft.net/utils/awatch-x64.zip,404,,,
https://www.nirsoft.net/utils/axhelper.zip,200,1198256710.0,57b7f131622fc10e42db30525880780402453367cfd7cb83198e9afab4f7aba7,axhelper.exe
https://www.nirsoft.net/utils/axhelper-x64.zip,404,,,
https://www.nirsoft.net/utils/batteryhistoryview.zip,200,1680685713.0,20e65b6259623c126d7bc2b5a0e5a54f4d054a53a7c4d28ede31739c138f1036,BatteryHistoryView.exe
https://www.nirsoft.net/utils/batteryhistoryview-x64.zip,404,,,
https://www.nirsoft.net/utils/batteryinfoview.zip,200,1635158599.0,ecbf6ecb79d19c821f04c39f5c622ed85c38f5a6deeedc442366f175a2d016e1,BatteryInfoView.exe
https://www.nirsoft.net/utils/batteryinfoview-x64.zip,404,,,
https://www.nirsoft.net/utils/bluescreenview.zip,200,1422537052.0,15ba3b0ca0a1ff21e89715da52ecc5918177b97ce40903d299fd591909e7b3ab,BlueScreenView.exe
https://www.nirsoft.net/utils/bluescreenview-x64.zip,200,1422537052.0,df57d4c9418dd2771035f2f7b70952caeb20d2269af683a0ab0665125c821479,BlueScreenView.exe
https://www.nirsoft.net/utils/bluetoothcl.zip,200,1392645493.0,025a4a02527a533299370be128323e4a2443fde0f404b2cf8793b3748c0c531f,BluetoothCL.exe
https://www.nirsoft.net/utils/bluetoothcl-x64.zip,404,,,
https://www.nirsoft.net/utils/bluetoothlogview.zip,200,1476995475.0,baaf54b422aa8a5c5dd6a21e842f40c04186fd5a33bf6c126538009ffc3f31c9,BluetoothLogView.exe
https://www.nirsoft.net/utils/bluetoothlogview-x64.zip,404,,,
https://www.nirsoft.net/utils/bluetoothview.zip,200,1361264754.0,0c85497da7a0b4ecee9cdd5e55afa9bc248cd282dcd2eacc7a3ad1f16eb4ecbc,BluetoothView.exe
https://www.nirsoft.net/utils/bluetoothview-x64.zip,404,,,
https://www.nirsoft.net/utils/browseraddonsview.zip,200,1651227234.0,241ba62208754c76c0b76623b8799597cf11b2d3a6154de976d4f5078ddaee89,BrowserAddonsView.exe
https://www.nirsoft.net/utils/browseraddonsview-x64.zip,200,1651227235.0,4ba0ce604d807d59c2ab855dcd9b278f174f53614cd1094130df20d1c7f0cc34,BrowserAddonsView.exe
https://www.nirsoft.net/utils/browserdownloadsview.zip,200,1686237221.0,542dcb059e9e85e6ba45d576468fef053fdb3aa7e66f997fe093eb2c9d1bb07f,BrowserDownloadsView.exe
https://www.nirsoft.net/utils/browserdownloadsview-x64.zip,200,1686237221.0,36ad97e17c3bea821811b24e557c0a79e4aa85f80633bdac89b7ec68852b4350,BrowserDownloadsView.exe
https://www.nirsoft.net/packages/brtools.zip,200,1649079503.0,55a649fa8319809e41367d8bee929c966bcb02f3a73f2aa45f015cd8aceaf949,MozillaHistoryView.exe
https://www.nirsoft.net/packages/brtools-x64.zip,404,,,
https://www.nirsoft.net/utils/browsinghistoryview.zip,200,1679141455.0,f4d05d6fe81bb1c6dd66df42f0e531c25c3d9d41c5578901dc15ddd383940d20,BrowsingHistoryView.exe
https://www.nirsoft.net/utils/browsinghistoryview-x64.zip,200,1679141456.0,091855f382d0d05981524141fbc89e795a380b517f0d6f3908f36e80c8751661,BrowsingHistoryView.exe
https://www.nirsoft.net/utils/bulkfilechanger.zip,200,1609971843.0,769b897e045e5d5f69587a76da07a50aa6c1aa91f8eb07041d9a7b7652995c46,BulkFileChanger.exe
https://www.nirsoft.net/utils/bulkfilechanger-x64.zip,200,1609971843.0,bf8aea034fee8fc533b6e18197659c9d43e93f07830357086b8ee93d9e11f198,BulkFileChanger.exe
https://www.nirsoft.net/utils/bulletspassview.zip,200,1425240064.0,d5c801da275540c1713102518e67ed94a1afecbae2418d5b9f94148e338f61e5,BulletsPassView.exe
https://www.nirsoft.net/utils/bulletspassview-x64.zip,200,1425240063.0,7a811e7e8124ead14240c03e76d824adfadef7eead5b1d207e79ac7f14b59e09,BulletsPassView.exe
https://www.nirsoft.net/utils/chromecacheview.zip,200,1684762478.0,aa54d9ca88400d76a5ae4aedb8a3139e9edf1eafb4be5ff84a13eb6060914f29,ChromeCacheView.exe
https://www.nirsoft.net/utils/chromecacheview-x64.zip,404,,,
https://www.nirsoft.net/utils/chromecookiesview.zip,200,1667917989.0,a97389840d8cb3c8ce947c6c2b7c3b808c21af105fa1bf5e4be8fc1b57126efa,ChromeCookiesView.exe
https://www.nirsoft.net/utils/chromecookiesview-x64.zip,404,,,
https://www.nirsoft.net/utils/chromehistoryview.zip,200,1666180037.0,9608716a4a55912668986b4e8fd01948be1cac11c094826f41093479b850d998,ChromeHistoryView.exe
https://www.nirsoft.net/utils/chromehistoryview-x64.zip,404,,,
https://www.nirsoft.net/toolsdownload/chromepass.zip,200,1670756617.0,f7888584d6d41c5d8efe068e0f0e00aa8d7c93d3bd42c343ec0368ba893f0487,ChromePass.exe
https://www.nirsoft.net/toolsdownload/chromepass-x64.zip,404,,,
https://www.nirsoft.net/utils/cleanafterme.zip,200,1275275565.0,9d2c0580075ff8777e043260af63c8e082cbfc1fd5ac4a002c0a8ecd87cfc132,CleanAfterMe.exe
https://www.nirsoft.net/utils/cleanafterme-x64.zip,404,,,
https://www.nirsoft.net/utils/clipboardic.zip,200,1496003684.0,1a061abef1c8899cd199ae426ef35659e2ce219e0acddb427c74c52c517ef7dc,Clipboardic.exe
https://www.nirsoft.net/utils/clipboardic-x64.zip,404,,,
https://www.nirsoft.net/utils/controlmymonitor.zip,200,1683627586.0,dccc8bb6db48e59dac7359d7e27f2c2601216945d5e574f6c8e5f349a58286bc,ControlMyMonitor.exe
https://www.nirsoft.net/utils/controlmymonitor-x64.zip,404,,,
https://www.nirsoft.net/utils/countrytraceroute.zip,200,1682945176.0,754572dc0385b0653ceb1d4f0f72272f46fda9b7ea1c55c922d8adfc8a1a1c99,CountryTraceRoute.exe
https://www.nirsoft.net/utils/countrytraceroute-x64.zip,404,,,
https://www.nirsoft.net/utils/cports.zip,200,1685976206.0,60ba408766aab7719350f2b856b41bcd9f5e474fc40766382740399f0fdbfe8d,cports.exe
https://www.nirsoft.net/utils/cports-x64.zip,200,1685976207.0,5960b25cb7e8b27ed80c03498a8d5795acfffee0fd8306b3d0d2ab7d37a6cb12,cports.exe
https://www.nirsoft.net/utils/cprocess.zip,200,1211445075.0,8bf074edcee01be5ff77253d25533a8961907e50cd6629351490814b6b82a870,CProcess.exe
https://www.nirsoft.net/utils/cprocess-x64.zip,404,,,
https://www.nirsoft.net/toolsdownload/credentialsfileview.zip,200,1640522489.0,37f7a6dd1115ad67a04f9cd0963cd2d33b02ca1f9f1ae58b0782662bfc703062,CredentialsFileView.exe
https://www.nirsoft.net/toolsdownload/credentialsfileview-x64.zip,200,1640522490.0,a4aeff3aacb33825b3340c1aa2ec5562da59a190711f508476ea1ae6112bb785,CredentialsFileView.exe
https://www.nirsoft.net/utils/credhistview.zip,200,1652275980.0,b878a4ac4c252a6aca3f25368f35d0707b30bfcb5347f8e9e543e59e4e01139f,CredHistView.exe
https://www.nirsoft.net/utils/credhistview-x64.zip,404,,,
https://www.nirsoft.net/utils/csvfileview.zip,200,1683980633.0,b95f4eb33129e1bceeed151fd8372995364f2508ee984d00e5df5e8f508c69b6,CSVFileView.exe
https://www.nirsoft.net/utils/csvfileview-x64.zip,200,1683980634.0,7ebcc828460d7b0cbb397579665d5cb25d1defb5b547e7d55c95a507adf91050,CSVFileView.exe
https://www.nirsoft.net/utils/ctie.zip,200,1209841447.0,d63d1eb8d1728a53a40e58517b55a029335e7b940d07dfd75acb4db1016b5891,ctie.exe
https://www.nirsoft.net/utils/ctie-x64.zip,404,,,
https://www.nirsoft.net/utils/customexplorertoolbar.zip,200,1315321358.0,80fff8da356ad971108847f122f821a2e9b2dd098a4b906c74b94f2be24d337e,CustomExplorerToolbar.exe
https://www.nirsoft.net/utils/customexplorertoolbar-x64.zip,404,,,
https://www.nirsoft.net/toolsdownload/dataprotectiondecryptor.zip,200,1641037033.0,717d1e9ddb7b0e72ba04cbec5294a8a0f7956149d2061d6c57396b72c4cc0939,DataProtectionDecryptor.exe
https://www.nirsoft.net/toolsdownload/dataprotectiondecryptor-x64.zip,200,1641037034.0,e4b0c72c94021f102176d8a19fc27a90da1732548bc0d60306c85154036cb8a2,DataProtectionDecryptor.exe
https://www.nirsoft.net/utils/deviceioview.zip,200,1463070689.0,6e838ff2bd864e4f004f8051f36a6d275dbb847c624fa9b7328d7f3e5b6e6848,DeviceIOView.exe
https://www.nirsoft.net/utils/deviceioview-x64.zip,200,1463070689.0,810308a117d949f923e77a80206489208bf3b5e381f1406934ee5ce9d9537e33,DeviceIOView.exe
https://www.nirsoft.net/utils/devmanview.zip,200,1659349810.0,6fcdec03a8e91d77d4682e9839622d8c42f5b47bd0dcd19ddc7f5f4764edb7da,DevManView.exe
https://www.nirsoft.net/utils/devmanview-x64.zip,200,1659349811.0,e230bcdf0d9a5b5ee8d4f13220667843418f2dd3c9a6f24808574e312d298343,DevManView.exe
https://www.nirsoft.net/toolsdownload/dialupass.zip,200,1608725074.0,a79c79fa0ef5d6e95424ecc92af8c6c2719f4a8275fe7825dffb071bec2b1305,Dialupass.exe
https://www.nirsoft.net/toolsdownload/dialupass-x64.zip,404,,,
https://www.nirsoft.net/utils/diskcountersview.zip,200,1664790190.0,916de66eaee1fed9ce1b337683dc94d3929cf12c53dd4a6d33c4db8470770c0e,DiskCountersView.exe
https://www.nirsoft.net/utils/diskcountersview-x64.zip,404,,,
https://www.nirsoft.net/utils/disksmartview.zip,200,1466278467.0,8d10b7f4c8b60a39e33f28dc45782f734ce4af84bac33945251786c0c361f9dd,DiskSmartView.exe
https://www.nirsoft.net/utils/disksmartview-x64.zip,404,,,
https://www.nirsoft.net/utils/dllexp.zip,200,1479233543.0,5a1149dc83b22f2c47600ab0f1f60c922607aaaa36feaee9c984f00ab7d96ec5,dllexp.exe
https://www.nirsoft.net/utils/dllexp-x64.zip,200,1479233543.0,07d4ddd976679891eee2a252de585e1c101089bb4220a4cf3b221473db2bb3fd,dllexp.exe
https://www.nirsoft.net/utils/dnsdataview.zip,200,1685704061.0,c6e8607093f3100c2a0d45a168e665d38ccae0ade36ac4032ef80142f6a1feb8,DNSDataView.exe
https://www.nirsoft.net/utils/dnsdataview-x64.zip,404,,,
https://www.nirsoft.net/utils/dnslookupview.zip,200,1665656815.0,08a430e71fe89f29d4c61ac6cd1115ac9dc83d9d981b90fe49e91bcdc98b4566,DNSLookupView.exe
https://www.nirsoft.net/utils/dnslookupview-x64.zip,404,,,
https://www.nirsoft.net/utils/dnsquerysniffer.zip,200,1674900777.0,e498887cb52527200b4d7cda3827940284edd09a9e33e3d549f241f972e754ea,DNSQuerySniffer.exe
https://www.nirsoft.net/utils/dnsquerysniffer-x64.zip,200,1674900777.0,bc5206760c839ad804a1211b70ebbd115c773c808036b211357a518409340963,DNSQuerySniffer.exe
https://www.nirsoft.net/utils/domainhostingview.zip,200,1563081047.0,19840123792425409b10d6259cb6c22cbbb3a6e1e1cc8b909926a71268a77fe9,DomainHostingView.exe
https://www.nirsoft.net/utils/domainhostingview-x64.zip,404,,,
https://www.nirsoft.net/packages/domainlookuptools.zip,200,1649079555.0,f1ee0bd7a744d143c105af466c2c6c44db490ee99f077974ad7e12b3121a8523,DomainHostingView.exe
https://www.nirsoft.net/packages/domainlookuptools-x64.zip,404,,,
https://www.nirsoft.net/utils/dotnetresourcesextract.zip,200,1273689322.0,5375bd9fbb7dd9d84fc2584ccee12280402585b7f9de30fe38fe453019fb3a93,DotNetResourcesExtract.exe
https://www.nirsoft.net/utils/dotnetresourcesextract-x64.zip,404,,,
https://www.nirsoft.net/utils/downtester.zip,200,1371020703.0,15d6a3ecea7ab676769042cfdb3cbbea197f81be63aec409e792dd2258642fe2,DownTester.exe
https://www.nirsoft.net/utils/downtester-x64.zip,404,,,
https://www.nirsoft.net/utils/driveletterview.zip,200,1572075179.0,4676d1b4fd821ba22ec36d0667682e2995aff3970e3006e8d6f046c7c4801354,DriveLetterView.exe
https://www.nirsoft.net/utils/driveletterview-x64.zip,200,1572075180.0,90024847ab711553046263bbe06acb99f31916a5c47e0e3858533c5310083d16,DriveLetterView.exe
https://www.nirsoft.net/utils/driverview.zip,200,1599479583.0,0a38cb5b73d08321de1da21fc5b79c999e97bcbbf412d4e7d967bfb071a50d3e,DriverView.exe
https://www.nirsoft.net/utils/driverview-x64.zip,200,1599479584.0,717a6dbb32dbab1fa3dc576e4213c97a8e5e973497e01b1976afaf00cc403f98,DriverView.exe
https://www.nirsoft.net/utils/dumpedid.zip,200,1538821965.0,1773478ecec2d0e7dcb8d41dd3dd1353e26446a4a798ab294a1ce652a9b84609,DumpEDID.exe
https://www.nirsoft.net/utils/dumpedid-x64.zip,404,,,
https://www.nirsoft.net/utils/edgecookiesview.zip,200,1566044512.0,2ffad52588c2373f6bf4f6da662af3ed577e00d78260036b5ef87f7e7e5b5c65,EdgeCookiesView.exe
https://www.nirsoft.net/utils/edgecookiesview-x64.zip,404,,,
https://www.nirsoft.net/toolsdownload/encryptedregview.zip,200,1641037661.0,e40464f85c3a429432165129478cdb9b8ea3c171f12eb055b761b5de7c963a4d,EncryptedRegView.exe
https://www.nirsoft.net/toolsdownload/encryptedregview-x64.zip,200,1641037661.0,5c284c3c3f16d283b8bcd86a1c7ade48b94fd36e4f4ab02ed0616f47d3882149,EncryptedRegView.exe
https://www.nirsoft.net/utils/esedatabaseview.zip,200,1686727394.0,d6d6dd881b3056ba7d9078bd885a90d835a5e383dd68f87f05d65d9ebf6d9e73,ESEDatabaseView.exe
https://www.nirsoft.net/utils/esedatabaseview-x64.zip,404,,,
https://www.nirsoft.net/utils/eventlogchannelsview.zip,200,1657556425.0,7a4ed3f913a960f5b0808d1703f19428766f1863caa99cc87359c64a9db4c548,EventLogChannelsView.exe
https://www.nirsoft.net/utils/eventlogchannelsview-x64.zip,200,1657556426.0,ad4e6b75ff4bad66464a8c3a356a16f8299966550d9ff3bbb488d46f56040f8f,EventLogChannelsView.exe
https://www.nirsoft.net/utils/eventlogsourcesview.zip,200,1376041908.0,f60a90200ac6daceba5acf2a24546ca27f0af1b28ad1320e637eaa695a6d03e9,EventLogSourcesView.exe
https://www.nirsoft.net/utils/eventlogsourcesview-x64.zip,200,1376041906.0,23e2dcb254e88307457ce81782666c25a84b4e1e2659d0a2e573d69992530dbc,EventLogSourcesView.exe
https://www.nirsoft.net/utils/executedprogramslist.zip,200,1458319561.0,84057a0660a51f07c56d893b9949befcc55a271c0e65a23e765bf958b2ae947a,ExecutedProgramsList.exe
https://www.nirsoft.net/utils/executedprogramslist-x64.zip,404,,,
https://www.nirsoft.net/utils/exifdataview.zip,200,1656435937.0,0f45ca559056837401f3934a39db0b74ba24ecfde97dc6bc2e7211f2ae9e7e47,ExifDataView.exe
https://www.nirsoft.net/utils/exifdataview-x64.zip,404,,,
https://www.nirsoft.net/utils/extpassword.zip,200,1648638628.0,a960a68caee9c030b71ef806c2d90bcd4de8ca5287c0aacdca3d0b46c1590c74,ExtPassword.exe
https://www.nirsoft.net/utils/extpassword-x64.zip,404,,,
https://www.nirsoft.net/utils/fastresolver.zip,200,1418573954.0,476a8e2d01b271f5b774904805b3419d58ac593bd0332e019d992eff95143212,FastResolver.exe
https://www.nirsoft.net/utils/fastresolver-x64.zip,404,,,
https://www.nirsoft.net/utils/faview.zip,200,1376141307.0,60f94079be9f34247c424e5512ea42f8633df694d6b7c9cfd38fd5fe863b19c3,faview.exe
https://www.nirsoft.net/utils/faview-x64.zip,404,,,
https://www.nirsoft.net/utils/fbcacheview.zip,200,1643003876.0,4577f33de9fc7a76b0dec73025b4483c0ff17a48b36e984975c9b4f4efc954e6,FBCacheView.exe
https://www.nirsoft.net/utils/fbcacheview-x64.zip,404,,,
https://www.nirsoft.net/utils/fileaccesserrorview.zip,200,1689535327.0,d54b4d72957417c255e69fbd8ca202a4b5abede672bce4ef5b8062fae6fff6c4,FileAccessErrorView.exe
https://www.nirsoft.net/utils/fileaccesserrorview-x64.zip,200,1689535327.0,5ee75cd0bd02fbcd85d7e52b1029d713f0418cdc8d558bf233133f5e04a261ca,FileAccessErrorView.exe
https://www.nirsoft.net/utils/fileactivitywatch.zip,200,1646987957.0,69fa65c80547b08da5872b494af9fa03def19e5f0567d317152d05437bf165a6,FileActivityWatch.exe
https://www.nirsoft.net/utils/fileactivitywatch-x64.zip,200,1646987958.0,8ca428106073bf2a92042cf6b0bc52a4ca8517b0dea2b54d57fad438c1849044,FileActivityWatch.exe
https://www.nirsoft.net/utils/filetypesman.zip,200,1672056039.0,d685f7b64ffdc6a487f8f0b204b556b11c5cfe0f3e3a93404c07dc52da5f72ac,FileTypesMan.exe
https://www.nirsoft.net/utils/filetypesman-x64.zip,200,1672056040.0,4ecf354e78796ad36c96a02b9b3ab4df0e71872a99cf5b7428de6ac2ae29a31d,FileTypesMan.exe
https://www.nirsoft.net/utils/firefoxdownloadsview.zip,200,1553951128.0,5bdb9f62367b5be0069545177beb443b7cbc8f22f0382c997a635e1719139afc,FirefoxDownloadsView.exe
https://www.nirsoft.net/utils/firefoxdownloadsview-x64.zip,404,,,
https://www.nirsoft.net/utils/firmwaretablesview.zip,200,1659775464.0,8e97e6854fa997f08e10607a066aa36278e539969c5d44eb5f44144af23df790,FirmwareTablesView.exe
https://www.nirsoft.net/utils/firmwaretablesview-x64.zip,200,1659775464.0,dc5db8daf90d6b678566557dccaa3e0c7b863f659cb65ab84f78560ea148f47f,FirmwareTablesView.exe
https://www.nirsoft.net/utils/flashcookiesview.zip,200,1402301100.0,a8217a04b664d055cd137620f8f7585d2dd0c326cf90d4a01383b9e5f154b86e,FlashCookiesView.exe
https://www.nirsoft.net/utils/flashcookiesview-x64.zip,404,,,
https://www.nirsoft.net/utils/folderchangesview.zip,200,1680091087.0,911e0b3af30eee893cb59ddab711fa0a021f891e67585bfc40da19c41bfcfa21,FolderChangesView.exe
https://www.nirsoft.net/utils/folderchangesview-x64.zip,404,,,
https://www.nirsoft.net/utils/foldertimeupdate.zip,200,1666782927.0,4843e3da50a5e086336761821ba18466ab6d6d8389b2598db88a7df1738ec212,FolderTimeUpdate.exe
https://www.nirsoft.net/utils/foldertimeupdate-x64.zip,200,1666782927.0,867463dd10326c5b6db0fef43e6054e447b97654c126afe882af3d625e97e309,FolderTimeUpdate.exe
https://www.nirsoft.net/utils/folrep.zip,200,1127607026.0,82a662e081f86fee20ae390ab83d05ed5a0290a83ba0aaf0c2e50c46bf4e1fdb,folrep.exe
https://www.nirsoft.net/utils/folrep-x64.zip,404,,,
https://www.nirsoft.net/utils/freespacelogview.zip,200,1642713487.0,1b8fd0ad7b1a376e89f0ae07c8501e03d386a867b8bd4542d3f09a6eac319982,FreeSpaceLogView.exe
https://www.nirsoft.net/utils/freespacelogview-x64.zip,404,,,
https://www.nirsoft.net/utils/fulleventlogview.zip,200,1685035565.0,3f53042d735df9a168050e4e0254d02638de14bb55131253eca3a0ccdf328159,FullEventLogView.exe
https://www.nirsoft.net/utils/fulleventlogview-x64.zip,200,1685035565.0,4a04355cbe240a35727c7a3f5f779217b1487c358673899d85d395360dc0790e,FullEventLogView.exe
https://www.nirsoft.net/dot_net_tools/gacview.zip,200,1200051810.0,f8f6b2033681aee70136ca8880197b84b08e119da0518625b42ec38ec6380045,gacview.exe
https://www.nirsoft.net/dot_net_tools/gacview-x64.zip,404,,,
https://www.nirsoft.net/utils/gdiview.zip,200,1480845149.0,30dc7eda83eee7826e677c5f27a89d8389fb632476d4e413e332ae73769c32f6,GDIView.exe
https://www.nirsoft.net/utils/gdiview-x64.zip,200,1480845149.0,45aeca625ed56662df1d52cca0f1b6e4ecd373b58ce8dcf07106f07f8dbc63e4,GDIView.exe
https://www.nirsoft.net/utils/getnir.zip,200,1610104190.0,f50dd73972c8295fb9b58296955cbfdc8c2025992fed83c0c96fd1ce1b71632c,GetNir.exe
https://www.nirsoft.net/utils/getnir-x64.zip,404,,,
https://www.nirsoft.net/utils/guipropview.zip,200,1683383222.0,6417ea886559600ccbb773e52b7a4da57d754927485d3b8628ee2ebd3592dec7,GUIPropView.exe
https://www.nirsoft.net/utils/guipropview-x64.zip,200,1683383222.0,63c640d5124d4c0c4ad2418f3405ed6e66bd07053da24221119dfa8b26590c54,GUIPropView.exe
https://www.nirsoft.net/utils/handlecountersview.zip,200,1689922065.0,c0b6bb5ec0b2eea260be1bcbcefbee6350548a448268559804e6731f96c9434a,HandleCountersView.exe
https://www.nirsoft.net/utils/handlecountersview-x64.zip,200,1689922066.0,e70d944e32905f565c5bd5d8e6eb1e3a70597c687ef623a2ae8a1758396f4def,HandleCountersView.exe
https://www.nirsoft.net/utils/hashmyfiles.zip,200,1638379944.0,426ea6ff003cee1041de4ce9438cbf0668b2ddcf20708f4f28846f60ea13e0ba,HashMyFiles.exe
https://www.nirsoft.net/utils/hashmyfiles-x64.zip,200,1638379944.0,a42ca96ea003b9592dbc0c22a9ace85daa0452c2b30a473f29190b724b6fd4b2,HashMyFiles.exe
https://www.nirsoft.net/utils/heapmemview.zip,200,1376585640.0,10c70d8e33f1e9cbb842e8920171ec5472db53e652e21a640f5ad9d14964d233,HeapMemView.exe
https://www.nirsoft.net/utils/heapmemview-x64.zip,200,1376585640.0,0c6e818a2291efaa168fae84956e4d1d25c37fd48d1aedf74eb85c66e36e5010,HeapMemView.exe
https://www.nirsoft.net/utils/hostednetworkstarter.zip,200,1476084686.0,f0908be0beb76b880ecf827d7b3f6ea8190b1674a88b782dd82f844afa6bed84,HostedNetworkStarter.exe
https://www.nirsoft.net/utils/hostednetworkstarter-x64.zip,404,,,
https://www.nirsoft.net/utils/hotkeyslist.zip,200,1591464621.0,e20e2c76003f0869788c6e171d252b0a44663ecbe8bc0f321d6eab28a8b11402,HotKeysList.exe
https://www.nirsoft.net/utils/hotkeyslist-x64.zip,404,,,
https://www.nirsoft.net/utils/htmlastext.zip,200,1250510931.0,498b113c1cce388f0d4428c6459a24384ffdb4311ec825e43a8643934a4952c0,HtmlAsText.exe
https://www.nirsoft.net/utils/htmlastext-x64.zip,404,,,
https://www.nirsoft.net/utils/htmldocedit.zip,200,1211310023.0,eed77808621fa1331ba194b1593bc18ec7a1628601282ff0a5163b02ce945cde,HtmlDocEdit.exe
https://www.nirsoft.net/utils/htmldocedit-x64.zip,404,,,
https://www.nirsoft.net/utils/httpnetworksniffer.zip,200,1535928902.0,c257e4d052fd48de0fd32f818a051d4e6c2d0a68dcc0f96bdb026c364ceb8182,HTTPNetworkSniffer.exe
https://www.nirsoft.net/utils/httpnetworksniffer-x64.zip,200,1535928902.0,aeb5ccbe089ecc1b136c0ef12ae325f91d4aefd240a48eecfbd76bee7a670f08,HTTPNetworkSniffer.exe
https://www.nirsoft.net/utils/iconsext.zip,200,1285585094.0,97582531dd0176e312f3a8b101e50d02224970aec5030f0e0ff2ac767f572981,iconsext.exe
https://www.nirsoft.net/utils/iconsext-x64.zip,404,,,
https://www.nirsoft.net/utils/iecacheview.zip,200,1465058064.0,93cb4f0f78c37575f107a73f781be92670fab93328e96207c2c0fdd745f6acf5,IECacheView.exe
https://www.nirsoft.net/utils/iecacheview-x64.zip,404,,,
https://www.nirsoft.net/utils/iecv.zip,200,1486806756.0,b6d781e15cafd41e059e1f524996192af5321d9f262a3c5f44ea8cd4fb290baf,iecv.exe
https://www.nirsoft.net/utils/iecv-x64.zip,404,,,
https://www.nirsoft.net/utils/iedesignmode.zip,200,1188835570.0,e2dc751ee453c5c135fd845e86e375c3e9d8842d9e30e5ad20e82af30297c3dc,IEDesignMode.exe
https://www.nirsoft.net/utils/iedesignmode-x64.zip,404,,,
https://www.nirsoft.net/utils/iehv.zip,200,1323858517.0,7bdab7e43af86d5f8e43854a290073033b2b97c83f0d240a526660f643c94351,iehv.exe
https://www.nirsoft.net/utils/iehv-x64.zip,404,,,
https://www.nirsoft.net/toolsdownload/iepv.zip,200,1575494028.0,8164e8181cd85b4da180bb7671ca04eef548fdabee1696a741ebb88e09b3058f,iepv.exe
https://www.nirsoft.net/toolsdownload/iepv-x64.zip,404,,,
https://www.nirsoft.net/utils/imagecacheviewer.zip,200,1678856126.0,7af88048f1a24306fd5d0a9004ddff921da92a2f889c8b9b2e788703cca65516,ImageCacheViewer.exe
https://www.nirsoft.net/utils/imagecacheviewer-x64.zip,404,,,
https://www.nirsoft.net/utils/injecteddll.zip,200,1148708900.0,8f601d8d92b4c28b64a756b447157834e510fb8b471210b2881ca810470bc4bb,InjectedDLL.exe
https://www.nirsoft.net/utils/injecteddll-x64.zip,404,,,
https://www.nirsoft.net/utils/insideclipboard.zip,200,1645513574.0,86521067b31189d35d421ed3218350b8432f12d34f0f4904e4733e4de84abc15,InsideClipboard.exe
https://www.nirsoft.net/utils/insideclipboard-x64.zip,404,,,
https://www.nirsoft.net/utils/installedappview.zip,200,1681655672.0,5f66b6de4cd90fb2169b70aeb4a34db53f76c8654c44707075738a8571cd8632,InstalledAppView.exe
https://www.nirsoft.net/utils/installedappview-x64.zip,200,1681655672.0,495abfeb7a1247c39f3af8f8b6e2b47094a67db71690abfa0267fc1a78e2f501,InstalledAppView.exe
https://www.nirsoft.net/utils/installedcodec.zip,200,1375093081.0,c0381e687f67dc3196abcb326bc606150842014f4334e02fd6ae844bdae0710b,InstalledCodec.exe
https://www.nirsoft.net/utils/installedcodec-x64.zip,200,1375093081.0,08105602e668c073fccb58d1c4a93f2eb84c8b564eaf0fe716792f7f200f64ee,InstalledCodec.exe
https://www.nirsoft.net/utils/installeddriverslist.zip,200,1423655162.0,8129da3386a3a84d244b4d2248bd3e5f1ee992a02ae8a6dde537aee5f3567279,InstalledDriversList.exe
https://www.nirsoft.net/utils/installeddriverslist-x64.zip,200,1423655161.0,132499d347038f202def2774c9c15c9b025d5c47f3cfc64ebb1f2f033dfd8b81,InstalledDriversList.exe
https://www.nirsoft.net/utils/installedpackagesview.zip,200,1548761750.0,3b74e908765f629623ba7ceef2639889c6f2ddf401b04218c86006628ebd3ccf,InstalledPackagesView.exe
https://www.nirsoft.net/utils/installedpackagesview-x64.zip,200,1548761750.0,cc8d04992d26de0a314edb16cb7fca1765fc44f7f1c325cbeafca23632b53dd0,InstalledPackagesView.exe
https://www.nirsoft.net/utils/ipinfooffline.zip,200,1684324470.0,a9a19a6a0230df524481cb28dbb44d9668ae847d4de38bbd1487a12fa20dceca,IPInfoOffline.exe
https://www.nirsoft.net/utils/ipinfooffline-x64.zip,404,,,
https://www.nirsoft.net/utils/ipneighborsview.zip,200,1647280812.0,721bb8e3839544803fabbec37a971f6208b6f1793e286a4109058b906b8f0a4b,IPNeighborsView.exe
https://www.nirsoft.net/utils/ipneighborsview-x64.zip,404,,,
https://www.nirsoft.net/utils/ipnetinfo.zip,200,1581696362.0,f3db23a0e915f490a00b8d241bc8f2524c67ebafb37b6d28939cb7bba11ea399,ipnetinfo.exe
https://www.nirsoft.net/utils/ipnetinfo-x64.zip,404,,,
https://www.nirsoft.net/utils/ippathtableview.zip,200,1657113452.0,99100f18750f661692c3e2767539f89ab9ded4ecb96ca6cbeae5513f6fb33f2b,IPPathTableView.exe
https://www.nirsoft.net/utils/ippathtableview-x64.zip,404,,,
https://www.nirsoft.net/utils/jrview.zip,200,1101067956.0,ef9bbfbd17b7b9c7215b54b86597c5e345b44904d1ab7b55d1081796453619a1,jrview.exe
https://www.nirsoft.net/utils/jrview-x64.zip,404,,,
https://www.nirsoft.net/utils/jsae.zip,200,1095275142.0,2b6e1be03a3b897f25bbc4249e0b39efe368e47ad63d8909c2aaaecfc1f082e1,jsae.exe
https://www.nirsoft.net/utils/jsae-x64.zip,404,,,
https://www.nirsoft.net/utils/jumplistsview.zip,200,1522131839.0,2e3447efac788110292e8bb3438bbdb24246b46cedc873a2d55ef87c152705b9,JumpListsView.exe
https://www.nirsoft.net/utils/jumplistsview-x64.zip,404,,,
https://www.nirsoft.net/utils/keyboardstateview.zip,200,1522131854.0,b8ea99128e5ec854f3ce2596177687538f8d2b802943f35a223795d9452a0cd5,KeyboardStateView.exe
https://www.nirsoft.net/utils/keyboardstateview-x64.zip,404,,,
https://www.nirsoft.net/utils/lastactivityview.zip,200,1679995200.0,09976fd76ae40a608f424655cda82b2be77c426c88ea95af78378b47630397bf,LastActivityView.exe
https://www.nirsoft.net/utils/lastactivityview-x64.zip,404,,,
https://www.nirsoft.net/utils/livecontactsview.zip,200,1441370648.0,8cc89f10e002c3aa4da6d711ce4342d318d9cfe4471d38835c89ddb03594119e,LiveContactsView.exe
https://www.nirsoft.net/utils/livecontactsview-x64.zip,404,,,
https://www.nirsoft.net/utils/livetcpudpwatch.zip,200,1685455729.0,11c2d17877e9e22f39125e78eb017f8dae3efd14ddf7f4c76ad05bedab50e99c,LiveTcpUdpWatch.exe
https://www.nirsoft.net/utils/livetcpudpwatch-x64.zip,200,1685455729.0,a73e65d6e230af815c2782cdb139d51d4cb36e8b6da04aa2b6e9fafffdf434c0,LiveTcpUdpWatch.exe
https://www.nirsoft.net/utils/loadeddllsview.zip,200,1664026096.0,f84b535aa927ba1772709d1da34a8acf42ab60552a13e4221d58052d689dee7a,LoadedDllsView.exe
https://www.nirsoft.net/utils/loadeddllsview-x64.zip,200,1664026097.0,3b32d100852bae8e90cafd80f6e114e9b5baad3c1090a862395aa1053b784f63,LoadedDllsView.exe
https://www.nirsoft.net/toolsdownload/lsasecretsdump.zip,200,1414177416.0,870cbd9d890484147fcf3b0cc93eeef2d80002761fc59341cca526b90ed68529,LSASecretsDump.exe
https://www.nirsoft.net/toolsdownload/lsasecretsdump-x64.zip,200,1414177416.0,8d097c09a665fc846cc9389830994a94eaf73ec85c4b8500cfba59113cb20f24,LSASecretsDump.exe
https://www.nirsoft.net/toolsdownload/lsasecretsview.zip,200,1468823286.0,fef35c3acad8ba0c7771f922ae08270aa10d0cfccdcac141c4e963d945796033,LSASecretsView.exe
https://www.nirsoft.net/toolsdownload/lsasecretsview-x64.zip,200,1468823286.0,7e17ca28e57adf46bc8c6f27544fa2bc68b27e8945742f8058c63436cdd0877c,LSASecretsView.exe
https://www.nirsoft.net/utils/macaddressview.zip,200,1678780961.0,ab0439c04e469f1eb28d6e26c20520a77e16d0188e3b6bf2a547f3716ac785f6,MACAddressView.exe
https://www.nirsoft.net/utils/macaddressview-x64.zip,404,,,
https://www.nirsoft.net/utils/madpassext.zip,200,1640623553.0,d20fb5b9af14b0cb025a95575c8e7febe19f19c2dab3a126d186becd29e3a90b,MadPassExt.exe
https://www.nirsoft.net/utils/madpassext-x64.zip,404,,,
https://www.nirsoft.net/toolsdownload/mailpv.zip,200,1625405980.0,b95fce07879c83cdbc8e1e4bb5d6bc4f5a552049db28d15a1427a16e4296200f,mailpv.exe
https://www.nirsoft.net/toolsdownload/mailpv-x64.zip,404,,,
https://www.nirsoft.net/utils/managewirelessnetworks.zip,200,1686571482.0,332126a0535478c7c5c92779c197369411e973df595b89834e829d76f81ff6c4,ManageWirelessNetworks.exe
https://www.nirsoft.net/utils/managewirelessnetworks-x64.zip,404,,,
https://www.nirsoft.net/utils/mmcsnapinsview.zip,200,1448449669.0,408599575a191f7e3d999a2e2eda58d16490e4871fe390b8af676907fc45c28b,MMCSnapInsView.exe
https://www.nirsoft.net/utils/mmcsnapinsview-x64.zip,200,1448449668.0,2e90f5d55b8bbd92248b75b2fcefc78405347ba6978dac80a337cec487fcf1c4,MMCSnapInsView.exe
https://www.nirsoft.net/utils/mmview.zip,200,1056157732.0,8dfcf804a9fe9c0e07893ececb083459c24d64ed7c9d9d35ac40e60d4f55bebe,mmview.exe
https://www.nirsoft.net/utils/mmview-x64.zip,404,,,
https://www.nirsoft.net/utils/mobilefilesearch.zip,200,1688301274.0,d913e2cfa54f1e16fa1a30772675eaf5427b8a2c58b674490d3e37cf8429f824,MobileFileSearch.exe
https://www.nirsoft.net/utils/mobilefilesearch-x64.zip,200,1688301274.0,0062b1a5b3ee428025ab50548b4d22919d078416be43df2fe140bfdb71c7c740,MobileFileSearch.exe
https://www.nirsoft.net/utils/monitorinfoview.zip,200,1591000766.0,1d9b7093b42f491bb13098649538d3516b8df318baca2773736ae48281ae1aef,MonitorInfoView.exe
https://www.nirsoft.net/utils/monitorinfoview-x64.zip,404,,,
https://www.nirsoft.net/utils/mzcacheview.zip,200,1666255735.0,161fed464cb05a025c65328924d0e9e5df9244065edbae72e8b0a826a660abd1,MZCacheView.exe
https://www.nirsoft.net/utils/mzcacheview-x64.zip,404,,,
https://www.nirsoft.net/utils/mozillahistoryview.zip,200,1635934552.0,b96f2d44be8dba5329b5fd22186228d0f72d4fb6c79e079d98518fb93e92a2d0,MozillaHistoryView.exe
https://www.nirsoft.net/utils/mozillahistoryview-x64.zip,200,1635934552.0,072e31cdfda76fa68d16d408343aa8ba5eb48a41785cd3393d9066a20c7a24ec,MozillaHistoryView.exe
https://www.nirsoft.net/toolsdownload/mspass.zip,200,1414176534.0,7bc1dc7ff89b14da813d57857d0dcff98194211a410c9c3a7a43871fff277a42,mspass.exe
https://www.nirsoft.net/toolsdownload/mspass-x64.zip,404,,,
https://www.nirsoft.net/utils/muicacheview.zip,200,1262710809.0,d22499c5ad2fba84f9f82a3a0c05cc085321b5502968699a831aa96afaf669a0,MUICacheView.exe
https://www.nirsoft.net/utils/muicacheview-x64.zip,404,,,
https://www.nirsoft.net/utils/multimonitortool.zip,200,1678713400.0,a4c9876e96f0b92665ff514410a2aa06c5cf6e47af2e4dd00bbfb51f2324cf99,MultiMonitorTool.exe
https://www.nirsoft.net/utils/multimonitortool-x64.zip,200,1678713400.0,a3d6e77f1af065b5c5446a3b302d9cf6bb37490c88e358867f6b7aa759b66398,MultiMonitorTool.exe
https://www.nirsoft.net/utils/mweather.zip,200,1540294183.0,4afd59c78e272e25437d69efad4722806206d924c16c360c53d8e3eeaacea935,mweather.exe
https://www.nirsoft.net/utils/mweather-x64.zip,404,,,
https://www.nirsoft.net/utils/myeventviewer.zip,200,1484506655.0,f3f9c2021185e6d4f5e89cf9b241eac67eb6e467db52cfe00370e40f07049313,MyEventViewer.exe
https://www.nirsoft.net/utils/myeventviewer-x64.zip,200,1484506655.0,d1e94d89f2831c76d46bb0b80e4248df82244b021950769bffab9cba0054ecfc,MyEventViewer.exe
https://www.nirsoft.net/utils/mylastsearch.zip,200,1506281076.0,1c9ac237f092c9a9c420993b39e1ec57af88be13b9bffe87d6c6fac82b3277e1,MyLastSearch.exe
https://www.nirsoft.net/utils/mylastsearch-x64.zip,404,,,
https://www.nirsoft.net/utils/myuninst.zip,200,1487606142.0,22f2fc8d324fcd8d36698e0496d7a4c5b69a09f3a36de533f99c83ba4446f799,myuninst.exe
https://www.nirsoft.net/utils/myuninst-x64.zip,404,,,
https://www.nirsoft.net/utils/mzcv.zip,200,1667395988.0,e84d6cb63b8dcca75ad0492bd30741e7fd42e825b3e4c96eef163be7e210b3a9,mzcv.exe
https://www.nirsoft.net/utils/mzcv-x64.zip,200,1667395988.0,cace36a7ea185c8a675356f6e3eeb5b1d466666f7853aa9813df486c5178cbdf,mzcv.exe
https://www.nirsoft.net/utils/netbscanner.zip,200,1476372282.0,f4970e58d94ef7112924b16ae81187e18d9bad26d407e9b6a37172c5d5973c3c,NetBScanner.exe
https://www.nirsoft.net/utils/netbscanner-x64.zip,404,,,
https://www.nirsoft.net/utils/netconnectchoose.zip,200,1668113700.0,a2c9735688b3d763508d5b5012309604ffd365d09f3f2a99e72bc4aff906b132,NetConnectChoose.exe
https://www.nirsoft.net/utils/netconnectchoose-x64.zip,404,,,
https://www.nirsoft.net/toolsdownload/netpass.zip,200,1641648797.0,792278f7347d5782084341d48ecb998ee03b536a9ddca5fc0c754238424d1156,netpass.exe
https://www.nirsoft.net/toolsdownload/netpass-x64.zip,200,1641648798.0,64e586fe8860913bc6dffc7fe2551652a88cb30704eec2afa9cc10e82a11e8ac,netpass.exe
https://www.nirsoft.net/utils/netresview.zip,200,1383388294.0,84ce97effb45314d315ab221482ccbf7237f6942f0c4fac0d3b52fec22c28c15,NetResView.exe
https://www.nirsoft.net/utils/netresview-x64.zip,404,,,
https://www.nirsoft.net/utils/netrouteview.zip,200,1670435345.0,266d4972ef251f950d63f3c5491da99dffceb3c505f7d8118fc9eccdb476101a,NetRouteView.exe
https://www.nirsoft.net/utils/netrouteview-x64.zip,404,,,
https://www.nirsoft.net/utils/networkconnectlog.zip,200,1661266369.0,81b350e3eb53641f12ed2f317f3cf6351340c1ddd91b442b9604789bdc3707ea,NetworkConnectLog.exe
https://www.nirsoft.net/utils/networkconnectlog-x64.zip,404,,,
https://www.nirsoft.net/utils/networkcounterswatch.zip,200,1663498118.0,7323f92c67bc830a9b1ee586f43dea58b4ee95dc1f7deb0e3d30acdd082eeaa9,NetworkCountersWatch.exe
https://www.nirsoft.net/utils/networkcounterswatch-x64.zip,404,,,
https://www.nirsoft.net/utils/networkinterfacesview.zip,200,1681994574.0,bcd064c185bddf84118dc0aa82085144f76cf373973e43d35b4835ee862a1433,NetworkInterfacesView.exe
https://www.nirsoft.net/utils/networkinterfacesview-x64.zip,200,1681994574.0,b8cdeb10a7891a822b83364d50871d1860060aa8ba5ea514cbe44356c6a4962b,NetworkInterfacesView.exe
https://www.nirsoft.net/utils/networklatencyview.zip,200,1688647723.0,bc5089f4035568e1999248e5d907e43bc4488e74b10f0bbc3b546bd8d7fc73b0,NetworkLatencyView.exe
https://www.nirsoft.net/utils/networklatencyview-x64.zip,200,1688647723.0,17bb451f31e28c89f04b7e7b6d7c09efbb11d28d6ebd7215e89397eb82bf1773,NetworkLatencyView.exe
https://www.nirsoft.net/utils/networkopenedfiles.zip,200,1681908593.0,c7b919ba7b9c6eee75ff54a206165da8950e6f01530d4b4dab25bf1065cc1993,NetworkOpenedFiles.exe
https://www.nirsoft.net/utils/networkopenedfiles-x64.zip,200,1681908594.0,ddf95b458cffa94c9e67119a343539134cfb60c3e8c47340ae579990b3087b01,NetworkOpenedFiles.exe
https://www.nirsoft.net/packages/networktools.zip,200,1649079525.0,69ee961b969d89f332ce055c5ab5928c88656d231a85bf9e404d997fd4e2586a,cports.exe
https://www.nirsoft.net/packages/networktools-x64.zip,404,,,
https://www.nirsoft.net/utils/networktrafficview.zip,200,1688403837.0,20698dadfa0233e6de7e3fe5b67305f4f354b9851bc41f977abe0d16a973b72a,NetworkTrafficView.exe
https://www.nirsoft.net/utils/networktrafficview-x64.zip,200,1688403838.0,e2de31639fbd776274dae00ce77f4d35b9f3780799b0a8a9828b3851f1a6f94b,NetworkTrafficView.exe
https://www.nirsoft.net/utils/networkusageview.zip,200,1658659179.0,d71658e7472c1b2b0c48d28bc39d9a918f8f911995ea7923aafc687fbbbfa7a1,NetworkUsageView.exe
https://www.nirsoft.net/utils/networkusageview-x64.zip,200,1658659180.0,a675ed51675b01f627b0db5cf82d756222defd8148dcb708c5975ae3ee049ff4,NetworkUsageView.exe
https://www.nirsoft.net/utils/nircmd.zip,200,1564842447.0,5071b54669bb1e88422c6c340204b0b3a0ffd07e2ac1d747ccbd1447abc92948,nircmd.exe
https://www.nirsoft.net/utils/nircmd-x64.zip,200,1564842447.0,a078fdd378b9033e66c0f663764f90004af07bc8a007561abc28212d6ebcd328,nircmd.exe
https://www.nirsoft.net/utils/nirext.zip,200,1093972420.0,e9b0af090788a9c69cdb17ab2ca909c33a2001f6a80abaddb4cb21e875f986d4,nirext.exe
https://www.nirsoft.net/utils/nirext-x64.zip,404,,,
https://www.nirsoft.net/utils/nk2edit.zip,200,1665315531.0,fb46e9b2719aa19f0bf71a8dcfce64981034ca26de11ed0982c51f9cc42833e7,NK2Edit.exe
https://www.nirsoft.net/utils/nk2edit-x64.zip,200,1665315537.0,5d05fdcf1ec154d4cd68cf99addc4a472d6940e80615aa5d8c99e47ad17af31a,NK2Edit.exe
https://www.nirsoft.net/utils/nk2view.zip,200,1259520645.0,03b80609afa79346e7a198beb5ec2f703cc5b698d09087403c51ccf022296d68,nk2view.exe
https://www.nirsoft.net/utils/nk2view-x64.zip,404,,,
https://www.nirsoft.net/utils/ntfslinksview.zip,200,1667763513.0,1ab71ce2c8ef2e58aafa569f5d3766be63d401bc1a1aed6aea21418550f314af,NTFSLinksView.exe
https://www.nirsoft.net/utils/ntfslinksview-x64.zip,200,1667763514.0,2be8f8789340db249723811e89a78d2ce92d81aea18ac7760b251c3e68e6b224,NTFSLinksView.exe
https://www.nirsoft.net/utils/officeins.zip,200,1444050900.0,e8abe0f5dde125e3f97c8039aa4bc4c9078ce6961797e0532a934567ea1b594e,OfficeIns.exe
https://www.nirsoft.net/utils/officeins-x64.zip,200,1444050899.0,ea1d9741db87493decdc5981a4347217a9b767ed454f362aa331f6022e39c4a2,OfficeIns.exe
https://www.nirsoft.net/utils/offlineregistryfinder.zip,200,1587371535.0,ba50ca63b42b2f3cc7364288201eb03c56905056f8ec2562b44ee8b3bf9ecda3,OfflineRegistryFinder.exe
https://www.nirsoft.net/utils/offlineregistryfinder-x64.zip,200,1587371535.0,e86e4f9c3cfcf7c26ef101e04dfde47f1c30b7642b51421c6b201290f3446d15,OfflineRegistryFinder.exe
https://www.nirsoft.net/utils/offlineregistryview.zip,200,1556303437.0,9d7debcd3b8f1c2fe22e7c12fee6646855b44d07abb7b018b87f6c00ac615aec,OfflineRegistryView.exe
https://www.nirsoft.net/utils/offlineregistryview-x64.zip,200,1556303437.0,71697a8121ab8fbd44ca1a1bd2864e4a24b79f4a7bb1a47075ea7c3a1581063f,OfflineRegistryView.exe
https://www.nirsoft.net/utils/ofview.zip,200,1666964642.0,ded4d8b2718ed81e521881cfa213b343df7f465181f7b1e8de3cbe3bf4af0ef6,OpenedFilesView.exe
https://www.nirsoft.net/utils/ofview-x64.zip,200,1666964642.0,1cd0a58bfeecb1cbcf5d0311cd3bb830619d443a48cab77801544a5f67af890c,OpenedFilesView.exe
https://www.nirsoft.net/utils/opensavefilesview.zip,200,1668431379.0,7aa6322cd9538ff6471424396b9f9f866d8970985a960b876849a0d34452aacb,OpenSaveFilesView.exe
https://www.nirsoft.net/utils/opensavefilesview-x64.zip,200,1668431380.0,8060ca16dddac85f204699cfa9656488943a16553200679e67cd3428d09f06bf,OpenSaveFilesView.exe
https://www.nirsoft.net/utils/openwithview.zip,200,1260816948.0,91c6bc5be89d52329882f85637e63e35c20efb5c289d9f83c9083e72cab7192e,OpenWithView.exe
https://www.nirsoft.net/utils/openwithview-x64.zip,404,,,
https://www.nirsoft.net/utils/operacacheview.zip,200,1337694059.0,b205f7d66e4fdb7e2c3af7ab3903cb6cfa15467f0913a30f49a93acea971780e,OperaCacheView.exe
https://www.nirsoft.net/utils/operacacheview-x64.zip,404,,,
https://www.nirsoft.net/toolsdownload/operapassview.zip,200,1414285583.0,d4b8a1da4bfc923e5025691c4fa6e1e49049786ee554f2ce4bd026e7388c4807,OperaPassView.exe
https://www.nirsoft.net/toolsdownload/operapassview-x64.zip,404,,,
https://www.nirsoft.net/utils/outlookaccountsview.zip,200,1650829079.0,40c342c9f996e98b74bd3fb3b7de538bc6085fe0ea30b2b5690913b0473f147d,OutlookAccountsView.exe
https://www.nirsoft.net/utils/outlookaccountsview-x64.zip,200,1650829080.0,2521c1e69d4f0565dc50870012b8ec74bdbdb3eab6128a322c2bf2b4f17c5894,OutlookAccountsView.exe
https://www.nirsoft.net/utils/outlookaddressbookview.zip,200,1686925874.0,4e9cf7a523681ca1cb89e249787cdf1c5bbefa87fa7a36574961df1dabc19bbe,OutlookAddressBookView.exe
https://www.nirsoft.net/utils/outlookaddressbookview-x64.zip,200,1686925875.0,924cf2398a76095ec556e154ee43b6287c3c331b1b8e9fc52a2ff8f172f0a2db,OutlookAddressBookView.exe
https://www.nirsoft.net/utils/outlookattachview.zip,200,1682335362.0,ee3a3083340b50ce2356fb0c4ad58c7869ac997c6a79a4ecbff6ddf60e5ba514,OutlookAttachView.exe
https://www.nirsoft.net/utils/outlookattachview-x64.zip,200,1682335363.0,1f901b57052c547d73af782422c5c0c2586211e9a34a98b3b4aafc5138a87315,OutlookAttachView.exe
https://www.nirsoft.net/utils/outlookstatview.zip,200,1667656690.0,59cd4e719690c88f08aa4afd775c17165736abf0a9a436e77ed9e5d3caa666df,OutlookStatView.exe
https://www.nirsoft.net/utils/outlookstatview-x64.zip,200,1667656691.0,6be48f96af708dd8633cf4571a569873ef1fc8a7743bb2fe6b4cc76a6ee94a04,OutlookStatView.exe
https://www.nirsoft.net/packages/outlooktools.zip,200,1649079550.0,6e8c50de8b2a62ae931ccba57dbaac8a3953b33be92d865c4a048a4c02a058fb,nk2edit.exe
https://www.nirsoft.net/packages/outlooktools-x64.zip,404,,,
https://www.nirsoft.net/packages/passrecpk.zip,200,1649079490.0,80cba30745ec49ac2f48d5feeb80b00e9fc79a901fc4f3b1a3d5b6b634583cf3,mspass.exe
https://www.nirsoft.net/packages/passrecpk-x64.zip,404,,,
https://www.nirsoft.net/toolsdownload/passwordfox.zip,200,1618400909.0,80f00e79f884882a4e8ae8c4dadb4b7da617dc491b0b01a889bcbf183c8dde72,PasswordFox.exe
https://www.nirsoft.net/toolsdownload/passwordfox-x64.zip,200,1618400909.0,7f9417d508422f9aa47b51848361bf6fd497831fd6eea583e3188e5023a2a104,PasswordFox.exe
https://www.nirsoft.net/utils/passwordscan.zip,200,1594203560.0,a8844c647c53266cc263662d45003b2c22c15a78f3bca11f0a6c324eeb19b7c4,PasswordScan.exe
https://www.nirsoft.net/utils/passwordscan-x64.zip,200,1594203560.0,a87651cf3ffd7550018294c1b6a5c987f7f8bf29e205b82b31a76f518050b3fd,PasswordScan.exe
https://www.nirsoft.net/utils/pinginfoview.zip,200,1671636199.0,37317a3d50815ab8c07fd4b7e52d5970873620db661dfade969b5403d43549b4,PingInfoView.exe
https://www.nirsoft.net/utils/pinginfoview-x64.zip,404,,,
https://www.nirsoft.net/pocket_pc/pocketasterisk.zip,200,1192835766.0,823acbc7958014ec2999b5b61408f0415a90d428707fe158b3f14db6f8612ebd,PocketAsterisk.exe
https://www.nirsoft.net/pocket_pc/pocketasterisk-x64.zip,404,,,
https://www.nirsoft.net/utils/previousfilesrecovery.zip,200,1600282948.0,62992bada592bbd7e3b5152b28d6f63d4cb0290efcc7f324143db4356747429b,PreviousFilesRecovery.exe
https://www.nirsoft.net/utils/previousfilesrecovery-x64.zip,200,1600282949.0,5eaff225d06abafc8528bde9ed6b6576b9bcd4229471df9bcc2daf986caa276f,PreviousFilesRecovery.exe
https://www.nirsoft.net/utils/processactivityview.zip,200,1419168963.0,7d5197e6c722fb57a7a980bb9c5d1b3e41a2ab67ecac970a5ad0918ae22f28d2,ProcessActivityView.exe
https://www.nirsoft.net/utils/processactivityview-x64.zip,200,1419168962.0,8106a45c132361f03aed73c75b6ff42a0f2918cf78db5c5f339d2780681064e7,ProcessActivityView.exe
https://www.nirsoft.net/utils/processtcpsummary.zip,200,1663077473.0,feced2b9ad3641cab62016fd3cfb79506d513d57535321c5e78080ba505b72b4,ProcessTCPSummary.exe
https://www.nirsoft.net/utils/processtcpsummary-x64.zip,200,1663077473.0,a24521ac75f44d622774156952b337bbf87e054bf1e21bf4cf9ecf09adf63e43,ProcessTCPSummary.exe
https://www.nirsoft.net/utils/processthreadsview.zip,200,1530647749.0,abd53b11590e7918ae96bad50c3e3a49a005aaea76ea0a489f3c06f86960f2bd,ProcessThreadsView.exe
https://www.nirsoft.net/utils/processthreadsview-x64.zip,200,1530647749.0,95a18efb40b06d3ba3dfcd78066aed517e042e598413cc7e660332920fdb6fa5,ProcessThreadsView.exe
https://www.nirsoft.net/utils/productkeyscanner.zip,200,1664868120.0,a561ad55f85b01d9bd83e96ce84237cfc3eeac662b32761a3896393dbb2d62c4,ProductKeyScanner.exe
https://www.nirsoft.net/utils/productkeyscanner-x64.zip,200,1664868121.0,fab92a0b0e3c344c6ac30d21aa1851e4059662ce464e414ce187f5013b8db10a,ProductKeyScanner.exe
https://www.nirsoft.net/utils/produkey.zip,200,1643004385.0,1293aa22a718a8940fe6a0b0472a8806b1e00894d4d2a54485c1d9931f29cc8e,ProduKey.exe
https://www.nirsoft.net/utils/produkey-x64.zip,200,1643004385.0,e4604e0ee680370448c6a832856dff4a0255ca763672825a7a67a2a4662b9909,ProduKey.exe
https://www.nirsoft.net/packages/progtools.zip,200,1649079510.0,6089bd46770ada6d209f96f71c10e69d92ab21f904e5253b986217a7b40668f9,dllexp.exe
https://www.nirsoft.net/packages/progtools-x64.zip,404,,,
https://www.nirsoft.net/utils/propertysystemview.zip,200,1671709063.0,9af7a0184516c134482fb7d7f27ef56b90a2d8fa0ca81ece30a450e066c1b739,PropertySystemView.exe
https://www.nirsoft.net/utils/propertysystemview-x64.zip,200,1671709063.0,a22b38b78ebdd11edfc05c8843804b0a5fcfc6447304a1cc9a07422eb3118ecf,PropertySystemView.exe
https://www.nirsoft.net/toolsdownload/pspv.zip,200,1414176539.0,6abf7774b8778430c2d5bdee5335e42fccbf8ea4b7e27439c98d13a5ca9c8dbe,pspv.exe
https://www.nirsoft.net/toolsdownload/pspv-x64.zip,404,,,
https://www.nirsoft.net/toolsdownload/pstpassword.zip,200,1485544247.0,3e8e3636e7f3bffaad2367237ba0bc94ec3d2f5585726b28c14ccc10a51aa135,PstPassword.exe
https://www.nirsoft.net/toolsdownload/pstpassword-x64.zip,404,,,
https://www.nirsoft.net/utils/quicksetdns.zip,200,1614326696.0,2948a28e9b1347661a0f673cb821cc6e1c9640b2702b7e4289e9d80cc067f1d8,QuickSetDNS.exe
https://www.nirsoft.net/utils/quicksetdns-x64.zip,404,,,
https://www.nirsoft.net/toolsdownload/rdpv.zip,200,1414176527.0,528de69797c36423a1e6b64fa8b1825f354e6707f2ca3760d81a9f58d69d58bb,rdpv.exe
https://www.nirsoft.net/toolsdownload/rdpv-x64.zip,404,,,
https://www.nirsoft.net/utils/recentfilesview.zip,200,1487586896.0,6920cc0165fcffa1a009c663c3dce7c84a62ca0e4b73d9d86dc9cc0dc39dca61,RecentFilesView.exe
https://www.nirsoft.net/utils/recentfilesview-x64.zip,404,,,
https://www.nirsoft.net/utils/regdllview.zip,200,1449663196.0,06941f3ef54fc7aee2216a590f4a3c5d3868ea2b42a78fc7790182548399419f,RegDllView.exe
https://www.nirsoft.net/utils/regdllview-x64.zip,200,1449663196.0,1fbc281eb30a7af5886adfd480d96bcd0a46489709f60d0092bd26d7908b5cea,RegDllView.exe
https://www.nirsoft.net/utils/regfileexport.zip,200,1555137589.0,de7282d7d8646ffa212bf2a11b7f537fd3d0febb0b5679bb724a1ca2b946ecd0,RegFileExport.exe
https://www.nirsoft.net/utils/regfileexport-x64.zip,404,,,
https://www.nirsoft.net/utils/regfromapp.zip,200,1419168959.0,54977dc7f645e8b2ede1c40521cd04e3521c454800310cc8589020cec133a18d,RegFromApp.exe
https://www.nirsoft.net/utils/regfromapp-x64.zip,200,1419168958.0,558ea21f9f63ef12d712228856cafd22f7b83640912cce4701406073ab53c7de,RegFromApp.exe
https://www.nirsoft.net/utils/registrychangesview.zip,200,1655126179.0,f7df8629f9eaf878e58f7a94cde681a32e986d2432afad49967da3b423063eab,RegistryChangesView.exe
https://www.nirsoft.net/utils/registrychangesview-x64.zip,200,1655126180.0,49aa32eef63ac95cce10343e8c66def346c7da4d13d665cd1c93e26c66829860,RegistryChangesView.exe
https://www.nirsoft.net/utils/regscanner.zip,200,1654629439.0,4bb2b038e4b83a4fdedb463f2684acac556332af9bdd3d112ac09c7df800019b,RegScanner.exe
https://www.nirsoft.net/utils/regscanner-x64.zip,200,1654629440.0,40d9f84b045c6ce33cb32ca0b6fbcf37bd3b303774160a5beae04333998a9229,RegScanner.exe
https://www.nirsoft.net/packages/regtools.zip,200,1649079547.0,261a6cf768fc391a154eb892bd538931ac27c46ceeb9f56282122071d395d2cb,RegScanner.exe
https://www.nirsoft.net/packages/regtools-x64.zip,404,,,
https://www.nirsoft.net/utils/resourcesextract.zip,200,1397592906.0,cdccfe0063a66f95cb47127f351416423c960df6260c321ab587f33df0d8a417,ResourcesExtract.exe
https://www.nirsoft.net/utils/resourcesextract-x64.zip,200,1397592903.0,c68e2ebda348d67bbf92d45fb423038e9413e24b531fc5c50aa663b17dbccbb5,ResourcesExtract.exe
https://www.nirsoft.net/toolsdownload/routerpassview.zip,200,1618400435.0,0d68fb19ca14c8200f9015703f728628bc3dd3b76614b709d1da5821fceb4aba,RouterPassView.exe
https://www.nirsoft.net/toolsdownload/routerpassview-x64.zip,404,,,
https://www.nirsoft.net/utils/rtmpdumphelper.zip,200,1519227294.0,78a76c871e8bbbaa84f7afc754c29f0fe30fff2271ce198be1ac92ec4c996c43,RTMPDumpHelper.exe
https://www.nirsoft.net/utils/rtmpdumphelper-x64.zip,200,1519227294.0,205fd770852aee82f2db75e982f2ec3491c2f53f0c9f0285b478e92718da5a61,RTMPDumpHelper.exe
https://www.nirsoft.net/utils/runasdate.zip,200,1654690237.0,ceec79526b06703c1806771b5af45b282b8511ba071b1ed5e702a7e8b46027b8,RunAsDate.exe
https://www.nirsoft.net/utils/runasdate-x64.zip,200,1654690238.0,647ea1883269a8478a4c84cd33f4b8a6f1dab0aa2bf3703e7f344827fc8a3d9e,RunAsDate.exe
https://www.nirsoft.net/utils/runfromprocess.zip,200,1639310047.0,1dfe0d12e325480bd65f06a802abc8bb6b6877eba2d442171614c66e271fc0b5,RunFromProcess.exe
https://www.nirsoft.net/utils/runfromprocess-x64.zip,404,,,
https://www.nirsoft.net/utils/runtimeclassesview.zip,200,1658736380.0,490144a2ca73a4bbc5bf46eb0c806c4131c64eafaaf18fe45d134e31d59a5823,RuntimeClassesView.exe
https://www.nirsoft.net/utils/runtimeclassesview-x64.zip,404,,,
https://www.nirsoft.net/utils/safaricacheview.zip,200,1335770339.0,f4fb700d4aab6c28d96d247f7824446081903f8d502c2948f530f71ab600bd3e,SafariCacheView.exe
https://www.nirsoft.net/utils/safaricacheview-x64.zip,404,,,
https://www.nirsoft.net/utils/safarihistoryview.zip,200,1323069320.0,6b467088a046c2428fad1a7a78395622f6e23798c87186220fee04fbec0f488c,SafariHistoryView.exe
https://www.nirsoft.net/utils/safarihistoryview-x64.zip,404,,,
https://www.nirsoft.net/utils/searchfilterview.zip,200,1265888284.0,8c55bafdd3e48a8bb8d1c6d7ea755c5fa05f0b37c4499c1de2e96608959f36cb,SearchFilterView.exe
https://www.nirsoft.net/utils/searchfilterview-x64.zip,404,,,
https://www.nirsoft.net/utils/searchmyfiles.zip,200,1673358472.0,2450b31656beb3599e96f652e9e9b787dc3eff1fa91342840368d0e468b87be0,SearchMyFiles.exe
https://www.nirsoft.net/utils/searchmyfiles-x64.zip,200,1673358472.0,ebe9220d7fe319d61552ab30eae9dee0d18e264b4a5ae172884c34a66c69ad57,SearchMyFiles.exe
https://www.nirsoft.net/utils/securityquestionsview.zip,200,1591088582.0,9828559bc09a569bb2aaf134401d705db8441c2f9a1a0c37e1d7d14006f9b4e4,SecurityQuestionsView.exe
https://www.nirsoft.net/utils/securityquestionsview-x64.zip,404,,,
https://www.nirsoft.net/utils/securitysoftview.zip,200,1429615848.0,399ab8d877ec11fce4647e9111988d25af512116747ebb0fddf797fa16d4295b,SecuritySoftView.exe
https://www.nirsoft.net/utils/securitysoftview-x64.zip,404,,,
https://www.nirsoft.net/utils/seqdownload.zip,200,1279356947.0,8af4d24f6d3d47c3b75a4a2e0385259049b22e8a1aac5ea688b5e4e6d11bfc33,SeqDownload.exe
https://www.nirsoft.net/utils/seqdownload-x64.zip,404,,,
https://www.nirsoft.net/utils/serviwin.zip,200,1672305033.0,d55893fed88422734bf44e0c2b4e38d7d5a03cea9cd3c16a991370d51188c57f,serviwin.exe
https://www.nirsoft.net/utils/serviwin-x64.zip,200,1672305034.0,c0bd7a8667086f00f484a0ac6982b5cf23ac5f0bb8538a1bb6dbfce86c2cbbae,serviwin.exe
https://www.nirsoft.net/utils/shadowcopyview.zip,200,1600868870.0,d588d7e13d5d0df3e184dc6c66e3dffc0eebe045a0a3f49db5fcce04665e6d65,ShadowCopyView.exe
https://www.nirsoft.net/utils/shadowcopyview-x64.zip,200,1600868871.0,93446b998531eb7366740d113a37620a65953d6f1ae265d95b927502d1e69ded,ShadowCopyView.exe
https://www.nirsoft.net/utils/shellbagsview.zip,200,1592855389.0,0e2ce08adc5ef1373ff9c656a2e5a8136f185f8390154d1040b3fb1cc9db1ee7,ShellBagsView.exe
https://www.nirsoft.net/utils/shellbagsview-x64.zip,404,,,
https://www.nirsoft.net/utils/shellmenunew.zip,200,1372884845.0,0e5cf7e7f8df686d3d08caa79c251b61eff829e48c5175bd5bd998d433867ab6,ShellMenuNew.exe
https://www.nirsoft.net/utils/shellmenunew-x64.zip,404,,,
https://www.nirsoft.net/utils/shexview.zip,200,1560120863.0,b0f5e6bea715be67460d24e4ffe5256297ffd990cc4f5bfa902f9d5af0d1196d,shexview.exe
https://www.nirsoft.net/utils/shexview-x64.zip,200,1560120863.0,73248fb48ee6387cadbd6bdde5265cbef465cea7fca8f3b72eac5c408f4e7ccb,shexview.exe
https://www.nirsoft.net/utils/shman.zip,200,1355923418.0,b998c8dbaf29a07ba69c88793bea71f267ca145c9017b95b75e48c42332a87eb,shman.exe
https://www.nirsoft.net/utils/shman-x64.zip,200,1355923417.0,66708b64b360b9bb8e14ce0088c4203436988286ab7f16de3046efd7883e967d,shman.exe
https://www.nirsoft.net/utils/shmnview.zip,200,1555249367.0,bd8d233e44155100677f855b61b867b596d2006bd65b4553da6ca5e38f70d483,shmnview.exe
https://www.nirsoft.net/utils/shmnview-x64.zip,200,1555249367.0,e5a5b7c4a6ce2772782243027c73974d9699f2ba1d3eab1f53bcff4096635b83,shmnview.exe
https://www.nirsoft.net/utils/simplecodegenerator.zip,200,1660557914.0,3ba4b4d3e099ad49a95e29a93a58130be5a4614ad722f74910aca67152fe6e64,SimpleCodeGenerator.exe
https://www.nirsoft.net/utils/simplecodegenerator-x64.zip,404,,,
https://www.nirsoft.net/utils/simpleprogramdebugger.zip,200,1662906475.0,5a48545644897c3344912c6e2f52768a5538439b354829096c5c61b2ee09460d,SimpleProgramDebugger.exe
https://www.nirsoft.net/utils/simpleprogramdebugger-x64.zip,200,1662906476.0,0487e3e2a8af213fdaf0202d8fb7dbdf6776f703e6b70e43f2f311694c7aa91b,SimpleProgramDebugger.exe
https://www.nirsoft.net/utils/simplewmiview.zip,200,1688044549.0,34b66ccfe77d178d611dfe6a0e11fc4731873014c17444dbeb35a09178d4cdec,SimpleWMIView.exe
https://www.nirsoft.net/utils/simplewmiview-x64.zip,200,1688044549.0,30941e8a9b19c06328843277800d2b8aa46bc5fb1a8d5e3b2ba0cc47a02e4559,SimpleWMIView.exe
https://www.nirsoft.net/utils/siteshoter.zip,200,1304064223.0,72cc2633ebc81a5c6a79e7543c2da9b1e56e901c7d2c9e688d582a630838d2cc,SiteShoter.exe
https://www.nirsoft.net/utils/siteshoter-x64.zip,404,,,
https://www.nirsoft.net/utils/skypecontactsview.zip,200,1450028039.0,03a920762ff09cf20b5328e2f6700089b0dfef1bf893d3a14c6868c041943120,SkypeContactsView.exe
https://www.nirsoft.net/utils/skypecontactsview-x64.zip,404,,,
https://www.nirsoft.net/utils/skypelogview.zip,200,1419097462.0,3358e8e5e1a4eaa8ad022f91ae15160e20937e57099e09a3d078bb78dfa3379c,SkypeLogView.exe
https://www.nirsoft.net/utils/skypelogview-x64.zip,404,,,
https://www.nirsoft.net/utils/smsniff.zip,200,1534765789.0,d5ce6ef59020617a411bae4d0aa8a0d86d61d0855c00e1694de9a86e6188be1b,smsniff.exe
https://www.nirsoft.net/utils/smsniff-x64.zip,200,1534765786.0,c819762aefd4199826823024feb8ea953e56095c44229f6680d9e054c7cc0450,smsniff.exe
https://www.nirsoft.net/toolsdownload/sniffpass.zip,200,1414176528.0,cb17f0dfa27a94dc8c4f055a6b271ac8e003ac2f7d0f96eba2fb8d03dc585cfb,SniffPass.exe
https://www.nirsoft.net/toolsdownload/sniffpass-x64.zip,200,1414176528.0,4a9e41fe097d31dd6f65490c2c09d2a0ea5d700e1acb33d39a1b31cb75611cac,SniffPass.exe
https://www.nirsoft.net/utils/socketsniff.zip,200,1419168961.0,2160d297c21a4758e540ea5291c6d4df4bce74c2dab85647a8a1a875fcf49ccc,SocketSniff.exe
https://www.nirsoft.net/utils/socketsniff-x64.zip,404,,,
https://www.nirsoft.net/utils/soundvolumeview.zip,200,1687871929.0,b1bc57e8a9fb79c92e42b9d50c83ebdd1ecd46679a01cffa69392edbec97af27,SoundVolumeView.exe
https://www.nirsoft.net/utils/soundvolumeview-x64.zip,200,1687871930.0,998427614bd605aa4e72a45b3699a3b2ae4ff70573996333a30c0dff5043f971,SoundVolumeView.exe
https://www.nirsoft.net/utils/specialfoldersview.zip,200,1452958914.0,9a4b737f912ae3dda48bd4046afbab478bcc36e85411941218d69425574c3d8d,SpecialFoldersView.exe
https://www.nirsoft.net/utils/specialfoldersview-x64.zip,200,1452958914.0,deb2a260bd6f9f284e3fe7d0b26e08265029404d2b7525e41455556bd383deed,SpecialFoldersView.exe
https://www.nirsoft.net/utils/strun.zip,200,1099851416.0,bb4b5eca060e4f7db632b224e971d8a7237e379946c512468ade37ba9eed17a6,strun.exe
https://www.nirsoft.net/utils/strun-x64.zip,404,,,
https://www.nirsoft.net/utils/svcl.zip,200,1683124603.0,9d27d7c448468e2566e68a8ee4da868e720b4380bef71664e639b3433493e4b8,svcl.exe
https://www.nirsoft.net/utils/svcl-x64.zip,200,1683124604.0,316faa7f6197b8c2a2c8233757cba8bb61180a253d6336d75e7d720b96ad201b,svcl.exe
https://www.nirsoft.net/utils/sysexp.zip,200,1568785592.0,7b1e5e8a3a4432d82064fac051ed2415d2a6f243a778142afb89f90bc408f77b,sysexp.exe
https://www.nirsoft.net/utils/sysexp-x64.zip,200,1568785592.0,cd808bccb6388b38b9e5a7f1eec92ff8fe90cc23683d8fa98fe19e5132c62e54,sysexp.exe
https://www.nirsoft.net/packages/systools.zip,200,1649079543.0,247fb3687af2a7b352d075f8a19c2723619ce818da78b733e63ff0c5d278c948,ProduKey.exe
https://www.nirsoft.net/packages/systools-x64.zip,404,,,
https://www.nirsoft.net/utils/tabletextcompare.zip,200,1432647521.0,9450b1ebea00d1ec6e868e740e8c35fc7a8aff0cdd0ee05da7066e95f2ace88e,TableTextCompare.exe
https://www.nirsoft.net/utils/tabletextcompare-x64.zip,404,,,
https://www.nirsoft.net/utils/taskschedulerview.zip,200,1687258510.0,4e11138d884edbc384d7f233362e1f2f2ca35c8019b5164f4aec0a986a6620e8,TaskSchedulerView.exe
https://www.nirsoft.net/utils/taskschedulerview-x64.zip,200,1687258510.0,f1a011c2f1060d9acddf60252b09bd23bbb0b45834a3d2e93469d6d396b4dced,TaskSchedulerView.exe
https://www.nirsoft.net/utils/tcpconnectproblemview.zip,200,1659009386.0,db99f84327b8485f68e1f9cd4891f2a4fa7ad9b6640bc879a08f41325c4ab2ed,TCPConnectProblemView.exe
https://www.nirsoft.net/utils/tcpconnectproblemview-x64.zip,404,,,
https://www.nirsoft.net/utils/tcplogview.zip,200,1689259364.0,c56fce6bdc84162f93e34a003ca328a765bcd3b71ea1918662a5e177a647ab07,TcpLogView.exe
https://www.nirsoft.net/utils/tcplogview-x64.zip,200,1689259365.0,bb29ee1c37094e9e0fdcbec42aea1a73445d3de694c731c2c38462c23d172af3,TcpLogView.exe
https://www.nirsoft.net/utils/timezonesview.zip,200,1510993181.0,9f3b5abef89b03e291816a51efa96090f31a047e25a2751bd565598717207571,TimeZonesView.exe
https://www.nirsoft.net/utils/timezonesview-x64.zip,404,,,
https://www.nirsoft.net/utils/turnedontimesview.zip,200,1628159378.0,1a1c1e6ed4583acb7b0a8960b34f37797fed81fe65dab1c33d1353e3923a9c4e,TurnedOnTimesView.exe
https://www.nirsoft.net/utils/turnedontimesview-x64.zip,404,,,
https://www.nirsoft.net/utils/uninstallview.zip,200,1683211193.0,5e297437077f67a29f91fc0f5a14a6d2b82d966f4081973afc277103a6fd3e04,UninstallView.exe
https://www.nirsoft.net/utils/uninstallview-x64.zip,200,1683211194.0,b015a958f8e5047c8f13908ead921bcb805ba823208fddfbd509352ed238031b,UninstallView.exe
https://www.nirsoft.net/utils/urlprotocolview.zip,200,1254257384.0,17e9df993efdb66ed3e301fb69e531974f09a0ad3212efe88ac4331e40508873,URLProtocolView.exe
https://www.nirsoft.net/utils/urlprotocolview-x64.zip,404,,,
https://www.nirsoft.net/utils/urlstringgrabber.zip,200,1307441590.0,446d92375c35f0748866b48b4321eeeb5e6dfb61a7af2c80dce36748e7caa737,URLStringGrabber.exe
https://www.nirsoft.net/utils/urlstringgrabber-x64.zip,404,,,
https://www.nirsoft.net/utils/usbdeview.zip,200,1661847674.0,13b39494244f4514cf000b1455398a86b9fc47d1943dbfb9ef25720845dd03e8,USBDeview.exe
https://www.nirsoft.net/utils/usbdeview-x64.zip,200,1661847674.0,f48ef907767754be0831fb9e64399f3a9204174189fd5e247d91bfe2855f7e26,USBDeview.exe
https://www.nirsoft.net/utils/usbdrivelog.zip,200,1679657817.0,31901bed6d22c921006ea070065836eef35002e905d25512e6b9f9a237764482,USBDriveLog.exe
https://www.nirsoft.net/utils/usbdrivelog-x64.zip,404,,,
https://www.nirsoft.net/utils/usblogview.zip,200,1571580577.0,8ec630a9ed42389d73c1c82de05f0019f61baf7af81fc16de13c6643eb07fd4d,USBLogView.exe
https://www.nirsoft.net/utils/usblogview-x64.zip,404,,,
https://www.nirsoft.net/utils/userassistview.zip,200,1293696131.0,11b75025ac99ad31fa2c27b91ebbdb891fced36ff8b2567b0b76146af88d57d9,UserAssistView.exe
https://www.nirsoft.net/utils/userassistview-x64.zip,404,,,
https://www.nirsoft.net/utils/userprofilesview.zip,200,1444930081.0,350bbfdd12ca9d8b7ecf59b92410424acf99197f0bd9d8b2451cd7026413e2a4,UserProfilesView.exe
https://www.nirsoft.net/utils/userprofilesview-x64.zip,404,,,
https://www.nirsoft.net/toolsdownload/vaultpasswordview.zip,200,1640523026.0,1eba6a8fff822c4340529dae8bde2d624b181b69e2de39cfbee78158088d3ffb,VaultPasswordView.exe
https://www.nirsoft.net/toolsdownload/vaultpasswordview-x64.zip,200,1640523026.0,8aca58941b6d6eb0320996b83fa15267a46a0a165a8b0e1d4695c326d10f3f77,VaultPasswordView.exe
https://www.nirsoft.net/packages/videoaudiotools.zip,200,1649079559.0,1e01113cbc80a4493e258f5c80d40d7843a734d0215c579f7a7d8c7887aed7f2,SoundVolumeView.exe
https://www.nirsoft.net/packages/videoaudiotools-x64.zip,404,,,
https://www.nirsoft.net/utils/videocacheview.zip,200,1642797703.0,b615b4af1b40dea7b8304d52d17bbef208d1a056677b430beee7fb0db0371d65,VideoCacheView.exe
https://www.nirsoft.net/utils/videocacheview-x64.zip,200,1642797703.0,287ec9b56baee231d1451ec4b5758c7ab17ab5de214b63ac8d77a5f148f081e9,VideoCacheView.exe
https://www.nirsoft.net/toolsdownload/vncpassview.zip,200,1414176535.0,a598f49d5b6c06097550952aef7260f226227cf64a982c8fedb605f8f30039b4,VNCPassView.exe
https://www.nirsoft.net/toolsdownload/vncpassview-x64.zip,404,,,
https://www.nirsoft.net/utils/volumouse.zip,200,1662230853.0,61123b37d2a264fc29ac78ad5929ce32fdd255cd8c66acb1d8f43096d82dcbb4,volumouse.exe
https://www.nirsoft.net/utils/volumouse-x64.zip,200,1662230853.0,e9dce5eff147c14de2b27018500ae5a34852d34d102e6fa65d2fdb7e61c554f3,volumouse.exe
https://www.nirsoft.net/utils/wakemeonlan.zip,200,1683727728.0,1ac0e53b1b54ceabbc1b22c1b2408375ac4d5159a27a07d1cd1fb7e25cf804ee,WakeMeOnLan.exe
https://www.nirsoft.net/utils/wakemeonlan-x64.zip,200,1683727729.0,546d68b0e44fdf328fddba0e60d59eaa1fc8c514eacb0f19b52c1730a78a4007,WakeMeOnLan.exe
https://www.nirsoft.net/utils/webbrowserbookmarksview.zip,200,1685259523.0,2ce46e5fe3bc5ec84049aa38d91b99c723615645543c941352625e02ce2e5bd2,WebBrowserBookmarksView.exe
https://www.nirsoft.net/utils/webbrowserbookmarksview-x64.zip,404,,,
https://www.nirsoft.net/toolsdownload/webbrowserpassview.zip,200,1670665647.0,ae05a1f901bdcd1b40c598b6563c08fbaac998e3e4c7fda36ab967f8f174940f,WebBrowserPassView.exe
https://www.nirsoft.net/toolsdownload/webbrowserpassview-x64.zip,404,,,
https://www.nirsoft.net/utils/webcacheimageinfo.zip,200,1644041952.0,079757d81aafa7ef09a3a7bc98ee1fb6a3666a0580ce3a9fe8195c37e3837919,WebCacheImageInfo.exe
https://www.nirsoft.net/utils/webcacheimageinfo-x64.zip,404,,,
https://www.nirsoft.net/utils/webcamimagesave.zip,200,1339659672.0,afca2873b620ae7dce5d650318d4b1c6cdebe3c3fbf2170bb40b6bf8c9d1536f,WebCamImageSave.exe
https://www.nirsoft.net/utils/webcamimagesave-x64.zip,404,,,
https://www.nirsoft.net/utils/webcookiessniffer.zip,200,1535928896.0,c4d0aa66ee9fce9f6ad722d5991e9ca2757eab514045ba6b4de1bf842c2110c4,WebCookiesSniffer.exe
https://www.nirsoft.net/utils/webcookiessniffer-x64.zip,200,1535928896.0,b9893bfc930ee68088f60e3235fe734adf8459031cb7bc33112a150ed28b97c1,WebCookiesSniffer.exe
https://www.nirsoft.net/utils/websitesniffer.zip,200,1496728857.0,f9c841fae243e1584ce9127ebafb7a7c8ce314336759e5ee149b21d18a267f5e,WebSiteSniffer.exe
https://www.nirsoft.net/utils/websitesniffer-x64.zip,200,1496728857.0,da76a2e30e3f1167c6effc51b76eae7b8795068479c379d00994d2554b6aae86,WebSiteSniffer.exe
https://www.nirsoft.net/utils/webvideocap.zip,200,1317791476.0,394bf3835ce0ad7e0e880763ee3ec1332de59ddbe2c9d5317756f742cd2968ed,WebVideoCap.exe
https://www.nirsoft.net/utils/webvideocap-x64.zip,404,,,
https://www.nirsoft.net/utils/whatinstartup.zip,200,1372226025.0,71241fb3d34661002d94cd0076216245182799894fbe0d43266a039f70115641,WhatInStartup.exe
https://www.nirsoft.net/utils/whatinstartup-x64.zip,200,1372226024.0,9a50776456f79c08d9de06862beb3531d8e4f90062ae54f2b2d700aa4338a330,WhatInStartup.exe
https://www.nirsoft.net/utils/whatishang.zip,200,1423050565.0,69e72f8329e80aa7a52fa8aabfd4b1862da3d9bc51e9e2e67109a156761f69e8,WhatIsHang.exe
https://www.nirsoft.net/utils/whatishang-x64.zip,200,1423050564.0,89465ed9b56222479208c743a255d0eee97f3547ebf740618b44d8305a7e7ab4,WhatIsHang.exe
https://www.nirsoft.net/utils/whoiscl.zip,200,1549747890.0,cb042f522ca674288655739db24b389defac0d2f05bd5d7e915aefd3068e4d85,WhoisCL.exe
https://www.nirsoft.net/utils/whoiscl-x64.zip,404,,,
https://www.nirsoft.net/utils/whoisconnectedsniffer.zip,200,1644092103.0,fe4cc8f7eb4f4190ec3608a4e5a0bfd289bd1f0d9784cf6803752df9119b7ee0,WhoIsConnectedSniffer.exe
https://www.nirsoft.net/utils/whoisconnectedsniffer-x64.zip,200,1644092103.0,a69332cf6c01cae1379b13537057b99c5f6b3413c4bd427b49ce4fcad6b721e8,WhoIsConnectedSniffer.exe
https://www.nirsoft.net/utils/whoistd.zip,200,1642179009.0,c24d09c7bfb6ba9008ea38bc09b0e4f30b9c55b27708c54724cf7343b76c46cc,whoistd.exe
https://www.nirsoft.net/utils/whoistd-x64.zip,404,,,
https://www.nirsoft.net/utils/whosip.zip,200,1483727325.0,a84ac36ffd1a6e0d7c28aa00c2d1f27c511443741047dca9977747afba0fe92b,whosip.exe
https://www.nirsoft.net/utils/whosip-x64.zip,404,,,
https://www.nirsoft.net/utils/wifichannelmonitor.zip,200,1629800677.0,7d2447562a4d9872f8bbd9470769532a3449d269db22c67d7102551f11f45844,WifiChannelMonitor.exe
https://www.nirsoft.net/utils/wifichannelmonitor-x64.zip,200,1629800678.0,76ee98c28823b02c2edb28c8b04b2692b98d5df4c1f460a4cf35a049117ca31f,WifiChannelMonitor.exe
https://www.nirsoft.net/utils/wifidiagnosticsview.zip,200,1689192151.0,6bce2e81f0b0381ce4cbf66fd9a8d7be08430d58577c43f7153957de7affa0ba,WifiDiagnosticsView.exe
https://www.nirsoft.net/utils/wifidiagnosticsview-x64.zip,404,,,
https://www.nirsoft.net/utils/wifihistoryview.zip,200,1662049286.0,87c022924763ec5c2cd74eb793684c7cb4e070bc7aa0fee08257c2b9ea08f9d0,WifiHistoryView.exe
https://www.nirsoft.net/utils/wifihistoryview-x64.zip,404,,,
https://www.nirsoft.net/utils/wifiinfoview.zip,200,1682518506.0,d33dce453e273edcfd46034273d56f91eb4f8c89e764cd7fe75082b31c1fa129,WifiInfoView.exe
https://www.nirsoft.net/utils/wifiinfoview-x64.zip,200,1682518506.0,6662b513c3d3d9f0d3ead8826d3ddcaf4f5260346725a1abbf29d96d154fe361,WifiInfoView.exe
https://www.nirsoft.net/utils/wincrashreport.zip,200,1470116163.0,2d754c8d4041b01809638bf07e366a5fd018fee12d263b1323306f5166476e4e,WinCrashReport.exe
https://www.nirsoft.net/utils/wincrashreport-x64.zip,200,1470116162.0,54d9495cc620de5eb96166763d7c5ee9d6106a9fd244ab7f5b478135c38c1028,WinCrashReport.exe
https://www.nirsoft.net/utils/windeflogview.zip,200,1646684288.0,ce35a1d59b6ddca602456ef52da460d2047190d732876cda401940c0b6ff9780,WinDefLogView.exe
https://www.nirsoft.net/utils/windeflogview-x64.zip,404,,,
https://www.nirsoft.net/utils/windefthreatsview.zip,200,1613226443.0,1308926cbdbc5e775ef6b7e09c3afa9d4e5f2663f122c590970c54d74585d492,WinDefThreatsView.exe
https://www.nirsoft.net/utils/windefthreatsview-x64.zip,200,1613226444.0,500a7e80efe79138aaee2e6871e54f5c92d8933584e28d6aaface4b12bd9e227,WinDefThreatsView.exe
https://www.nirsoft.net/utils/winfontsview.zip,200,1318167463.0,1752867afb28afbeec8a48135db1e1fbbd1e4a638ddea5fa4ad1fd487d108de2,WinFontsView.exe
https://www.nirsoft.net/utils/winfontsview-x64.zip,404,,,
https://www.nirsoft.net/utils/winlister.zip,200,1464594611.0,1285a20c47498f864bc33a7ab3cfd3c97168cbbbe9e14b1474b0bb5f02cd24a2,winlister.exe
https://www.nirsoft.net/utils/winlister-x64.zip,200,1464594611.0,2a07bb34147dea6ca6fbf2be6004ece72cc9ce308f29f86fa2e2d5842b7e997c,winlister.exe
https://www.nirsoft.net/utils/winlogonview.zip,200,1628330375.0,e680236347a5c63b25a0ea6f745e0bcb5529fd9939753c3c099ccb9d5b549c8d,WinLogOnView.exe
https://www.nirsoft.net/utils/winlogonview-x64.zip,404,,,
https://www.nirsoft.net/utils/winmailpassrec.zip,200,1644609626.0,ed5db0cfea1b32497fea9cad35a5629a372f7f87f407096690b2733099c1841f,WinMailPassRec.exe
https://www.nirsoft.net/utils/winmailpassrec-x64.zip,200,1644609626.0,c99b0dbcbcdc6c18934e7e6130b1cfb100b0c7306749d0d38af527f46e56fbef,WinMailPassRec.exe
https://www.nirsoft.net/utils/winprefetchview.zip,200,1634664821.0,7c7c7cfbf74026e8679d5c866717d7bfd2df9f875ed17c210068df1aa7380bc6,WinPrefetchView.exe
https://www.nirsoft.net/utils/winprefetchview-x64.zip,200,1634664822.0,a266a6750ab1b3078168b9b306befa9ad5a3069340e87fe0de609f417f0f1f18,WinPrefetchView.exe
https://www.nirsoft.net/utils/winsockservicesview.zip,200,1349178721.0,135131357d35cd429bc9a06408b810082e1db3ec910f3314e3c5377142d219b9,WinsockServicesView.exe
https://www.nirsoft.net/utils/winsockservicesview-x64.zip,404,,,
https://www.nirsoft.net/utils/winupdatesview.zip,200,1652550293.0,7d692f8ad089866a662ee1f1771b87faf85e5c2e01382b1740c623b8ca04dccf,WinUpdatesView.exe
https://www.nirsoft.net/utils/winupdatesview-x64.zip,200,1652550293.0,8533dd679cc38e362ebdbd7b0bf5a908b36bcafb0ecf1a87487699540a91f52e,WinUpdatesView.exe
https://www.nirsoft.net/utils/wirelessconnectioninfo.zip,200,1669385243.0,5b5e56bdc529170a43706c8f304891ded0bc3e371fa37bcf3dc41de3d4bfd0a8,WirelessConnectionInfo.exe
https://www.nirsoft.net/utils/wirelessconnectioninfo-x64.zip,404,,,
https://www.nirsoft.net/utils/wirelesskeydump.zip,200,1297690247.0,eec872091355150ccefc778560a84c6a3f9320201997aa5ac769d4677a8e17c1,WirelessKeyDump.exe
https://www.nirsoft.net/utils/wirelesskeydump-x64.zip,200,1297690246.0,886e8883927701dbd8b043092011608a0ec7f8e0055d1378ef1174548ef2050c,WirelessKeyDump.exe
https://www.nirsoft.net/toolsdownload/wirelesskeyview.zip,200,1618400778.0,07fdb90d607d64db82f1da44b768f3f8ac9cf4b615935c9e3bfb7fd630451079,WirelessKeyView.exe
https://www.nirsoft.net/toolsdownload/wirelesskeyview-x64.zip,200,1618400778.0,75039e9d4c1ae6a8e0377d99ede10fc5d9a78d4b1b6328a2ec6c6b34a198f8b4,WirelessKeyView.exe
https://www.nirsoft.net/utils/wirelessnetconsole.zip,200,1225549624.0,6b365808b7526bcfcee1cf870dd4d0602669695481ed70ed6edb2f4572abb78a,WirelessNetConsole.exe
https://www.nirsoft.net/utils/wirelessnetconsole-x64.zip,404,,,
https://www.nirsoft.net/utils/wirelessnetview.zip,200,1507046373.0,d33aca4977de8dfaaa859813d21fe7d20709f80ace32302891b604fdc0c6ff78,WirelessNetView.exe
https://www.nirsoft.net/utils/wirelessnetview-x64.zip,404,,,
https://www.nirsoft.net/utils/wnetwatcher.zip,200,1679051900.0,3ec4f3bc8979e50f55505784e576519a29965fd5be28244b97d3022f9fcef4cb,WNetWatcher.exe
https://www.nirsoft.net/utils/wnetwatcher-x64.zip,404,,,
https://www.nirsoft.net/utils/wul.zip,200,1496728852.0,944bfcc87558b7315966542c0b3c82110a4754e222e759f091d0b27eb76fc0a7,wul.exe
https://www.nirsoft.net/utils/wul-x64.zip,404,,,
https://www.nirsoft.net/utils/zipinst.zip,200,1103783140.0,5f086a0dc689217026f06111327ae5a7d9baaa250322b84ff9dda2c74f3de788,zipinst.exe
https://www.nirsoft.net/utils/zipinst-x64.zip,404,,,
